img,folder,ratio,h,w,h_cm,w_cm,area,mode,gmean,std
../images/mask_set/2high_exsertion_low_seed_set/110.tif,2high_exsertion_low_seed_set,0.2580645161,93,24,0.9789473684,0.2526315789,4770,30,45.53,26.8701802954
../images/mask_set/2high_exsertion_low_seed_set/116.tif,2high_exsertion_low_seed_set,0.2923076923,65,19,0.6842105263,0.2,2793,28,41.53,24.7874212821
../images/mask_set/2high_exsertion_low_seed_set/95.tif,2high_exsertion_low_seed_set,0.1971830986,71,14,0.7473684211,0.1473684211,2295,28,29.11,12.7273171811
../images/mask_set/2high_exsertion_low_seed_set/115.tif,2high_exsertion_low_seed_set,0.3333333333,63,21,0.6631578947,0.2210526316,3097,26,37.3,25.1722300723
../images/mask_set/2high_exsertion_low_seed_set/61.tif,2high_exsertion_low_seed_set,0.359223301,103,37,1.0842105263,0.3894736842,8253,32,32.4,18.7058083658
../images/mask_set/2high_exsertion_low_seed_set/18.tif,2high_exsertion_low_seed_set,0.3085106383,94,29,0.9894736842,0.3052631579,6015,25,33.3,24.4900962271
../images/mask_set/2high_exsertion_low_seed_set/34.tif,2high_exsertion_low_seed_set,0.1978021978,91,18,0.9578947368,0.1894736842,3759,25,29.52,18.8039646566
../images/mask_set/2high_exsertion_low_seed_set/41.tif,2high_exsertion_low_seed_set,0.3365384615,104,35,1.0947368421,0.3684210526,7539,33,31.53,16.5405566554
../images/mask_set/2high_exsertion_low_seed_set/99.tif,2high_exsertion_low_seed_set,0.3372093023,86,29,0.9052631579,0.3052631579,4698,31,43.62,26.1097291115
../images/mask_set/2high_exsertion_low_seed_set/19.tif,2high_exsertion_low_seed_set,0.2380952381,84,20,0.8842105263,0.2105263158,3771,26,33.9,26.5938474752
../images/mask_set/2high_exsertion_low_seed_set/47.tif,2high_exsertion_low_seed_set,0.2380952381,105,25,1.1052631579,0.2631578947,5694,27,35.2,24.5153736822
../images/mask_set/2high_exsertion_low_seed_set/63.tif,2high_exsertion_low_seed_set,0.3303571429,112,37,1.1789473684,0.3894736842,8400,31,42.6,25.1300100592
../images/mask_set/2high_exsertion_low_seed_set/132.tif,2high_exsertion_low_seed_set,0.4022988506,87,35,0.9157894737,0.3684210526,5844,28,34.72,25.370170639
../images/mask_set/2high_exsertion_low_seed_set/93.tif,2high_exsertion_low_seed_set,0.4183673469,98,41,1.0315789474,0.4315789474,8043,28,29.17,13.9347412595
../images/mask_set/2high_exsertion_low_seed_set/127.tif,2high_exsertion_low_seed_set,0.3258426966,89,29,0.9368421053,0.3052631579,6102,28,43.28,27.8565918293
../images/mask_set/2high_exsertion_low_seed_set/36.tif,2high_exsertion_low_seed_set,0.4411764706,102,45,1.0736842105,0.4736842105,8844,27,30.56,21.4597641192
../images/mask_set/2high_exsertion_low_seed_set/60.tif,2high_exsertion_low_seed_set,0.2990654206,107,32,1.1263157895,0.3368421053,8139,28,31.72,20.046232684
../images/mask_set/2high_exsertion_low_seed_set/16.tif,2high_exsertion_low_seed_set,0.3298969072,97,32,1.0210526316,0.3368421053,6552,28,32.22,23.7433856037
../images/mask_set/2high_exsertion_low_seed_set/29.tif,2high_exsertion_low_seed_set,0.3917525773,97,38,1.0210526316,0.4,7917,28,34.1,20.0844343509
../images/mask_set/2high_exsertion_low_seed_set/76.tif,2high_exsertion_low_seed_set,0.4130434783,92,38,0.9684210526,0.4,7233,32,37.22,20.6220459965
../images/mask_set/2high_exsertion_low_seed_set/15.tif,2high_exsertion_low_seed_set,0.1743119266,109,19,1.1473684211,0.2,4722,28,40.1,27.4067746656
../images/mask_set/2high_exsertion_low_seed_set/2.tif,2high_exsertion_low_seed_set,0.3402061856,97,33,1.0210526316,0.3473684211,7173,28,34.84,20.4858236725
../images/mask_set/2high_exsertion_low_seed_set/43.tif,2high_exsertion_low_seed_set,0.3191489362,94,30,0.9894736842,0.3157894737,6459,33,34.38,15.2342909759
../images/mask_set/2high_exsertion_low_seed_set/121.tif,2high_exsertion_low_seed_set,0.2580645161,62,16,0.6526315789,0.1684210526,2067,26,32.16,21.3213527291
../images/mask_set/2high_exsertion_low_seed_set/112.tif,2high_exsertion_low_seed_set,0.3725490196,102,38,1.0736842105,0.4,7575,30,34.62,24.6173947546
../images/mask_set/2high_exsertion_low_seed_set/143.tif,2high_exsertion_low_seed_set,0.2929292929,99,29,1.0421052632,0.3052631579,6168,28,35.66,22.7551484482
../images/mask_set/2high_exsertion_low_seed_set/120.tif,2high_exsertion_low_seed_set,0.46875,64,30,0.6736842105,0.3157894737,4098,29,38.03,24.9273275562
../images/mask_set/2high_exsertion_low_seed_set/25.tif,2high_exsertion_low_seed_set,0.3440860215,93,32,0.9789473684,0.3368421053,6780,28,36.1,21.9235960527
../images/mask_set/2high_exsertion_low_seed_set/71.tif,2high_exsertion_low_seed_set,0.311827957,93,29,0.9789473684,0.3052631579,6237,26,32.03,21.5931134084
../images/mask_set/2high_exsertion_low_seed_set/135.tif,2high_exsertion_low_seed_set,0.4659090909,88,41,0.9263157895,0.4315789474,6738,25,29.05,20.6457064228
../images/mask_set/2high_exsertion_low_seed_set/111.tif,2high_exsertion_low_seed_set,0.414893617,94,39,0.9894736842,0.4105263158,7263,26,29.56,19.1060882547
../images/mask_set/2high_exsertion_low_seed_set/13.tif,2high_exsertion_low_seed_set,0.3,100,30,1.0526315789,0.3157894737,6714,27,30.92,18.6124518383
../images/mask_set/2high_exsertion_low_seed_set/78.tif,2high_exsertion_low_seed_set,0.2608695652,115,30,1.2105263158,0.3157894737,7473,35,36.66,17.3615834191
../images/mask_set/2high_exsertion_low_seed_set/49.tif,2high_exsertion_low_seed_set,0.3235294118,102,33,1.0736842105,0.3473684211,7941,25,30.69,23.2125901603
../images/mask_set/2high_exsertion_low_seed_set/88.tif,2high_exsertion_low_seed_set,0.2592592593,108,28,1.1368421053,0.2947368421,6844,24,31.6,21.5748994108
../images/mask_set/2high_exsertion_low_seed_set/137.tif,2high_exsertion_low_seed_set,0.4235294118,85,36,0.8947368421,0.3789473684,6603,25,27.23,17.5213534565
../images/mask_set/2high_exsertion_low_seed_set/144.tif,2high_exsertion_low_seed_set,0.3131313131,99,31,1.0421052632,0.3263157895,6442,26,33.56,21.8143330748
../images/mask_set/2high_exsertion_low_seed_set/12.tif,2high_exsertion_low_seed_set,0.3203883495,103,33,1.0842105263,0.3473684211,7134,24,29.45,19.1535792015
../images/mask_set/2high_exsertion_low_seed_set/50.tif,2high_exsertion_low_seed_set,0.1927710843,83,16,0.8736842105,0.1684210526,3126,26,37.1,26.398347119
../images/mask_set/2high_exsertion_low_seed_set/103.tif,2high_exsertion_low_seed_set,0.2278481013,79,18,0.8315789474,0.1894736842,2967,33,37.97,25.6784270942
../images/mask_set/2high_exsertion_low_seed_set/130.tif,2high_exsertion_low_seed_set,0.4081632653,98,40,1.0315789474,0.4210526316,7602,29,36.94,23.8957140271
../images/mask_set/2high_exsertion_low_seed_set/77.tif,2high_exsertion_low_seed_set,0.3484848485,66,23,0.6947368421,0.2421052632,2943,35,35.6,19.176984581
../images/mask_set/2high_exsertion_low_seed_set/67.tif,2high_exsertion_low_seed_set,0.3023255814,86,26,0.9052631579,0.2736842105,5181,32,40.8,23.0355414242
../images/mask_set/2high_exsertion_low_seed_set/73.tif,2high_exsertion_low_seed_set,0.2018348624,109,22,1.1473684211,0.2315789474,5376,28,29.97,15.2702476287
../images/mask_set/2high_exsertion_low_seed_set/79.tif,2high_exsertion_low_seed_set,0.3069306931,101,31,1.0631578947,0.3263157895,6111,30,31.66,14.7795917362
../images/mask_set/2high_exsertion_low_seed_set/114.tif,2high_exsertion_low_seed_set,0.4947368421,95,47,1,0.4947368421,7845,26,30.45,17.6405596998
../images/mask_set/2high_exsertion_low_seed_set/140.tif,2high_exsertion_low_seed_set,0.3768115942,69,26,0.7263157895,0.2736842105,3582,25,28.11,16.0418750275
../images/mask_set/2high_exsertion_low_seed_set/42.tif,2high_exsertion_low_seed_set,0.2584269663,89,23,0.9368421053,0.2421052632,4284,22,34.1,27.3882524432
../images/mask_set/2high_exsertion_low_seed_set/101.tif,2high_exsertion_low_seed_set,0.4494382022,89,40,0.9368421053,0.4210526316,6516,26,28.72,15.7894214513
../images/mask_set/2high_exsertion_low_seed_set/89.tif,2high_exsertion_low_seed_set,0.213592233,103,22,1.0842105263,0.2315789474,4870,31,42.44,25.9107901308
../images/mask_set/2high_exsertion_low_seed_set/107.tif,2high_exsertion_low_seed_set,0.2427184466,103,25,1.0842105263,0.2631578947,5372,26,30.2,20.3716497715
../images/mask_set/2high_exsertion_low_seed_set/3.tif,2high_exsertion_low_seed_set,0.2450980392,102,25,1.0736842105,0.2631578947,6324,28,34.5,22.1817413999
../images/mask_set/2high_exsertion_low_seed_set/51.tif,2high_exsertion_low_seed_set,0.3564356436,101,36,1.0631578947,0.3789473684,7650,28,34.22,19.6108553999
../images/mask_set/2high_exsertion_low_seed_set/55.tif,2high_exsertion_low_seed_set,0.2291666667,96,22,1.0105263158,0.2315789474,4398,33,42.2,26.0047256909
../images/mask_set/2high_exsertion_low_seed_set/104.tif,2high_exsertion_low_seed_set,0.2873563218,87,25,0.9157894737,0.2631578947,4386,26,33,20.3594609178
../images/mask_set/2high_exsertion_low_seed_set/14.tif,2high_exsertion_low_seed_set,0.2980769231,104,31,1.0947368421,0.3263157895,7776,26,34.56,24.257112852
../images/mask_set/2high_exsertion_low_seed_set/122.tif,2high_exsertion_low_seed_set,0.4653465347,101,47,1.0631578947,0.4947368421,8751,28,39.62,25.4920307267
../images/mask_set/2high_exsertion_low_seed_set/75.tif,2high_exsertion_low_seed_set,0.4,95,38,1,0.4,6087,31,35.88,20.9931407529
../images/mask_set/2high_exsertion_low_seed_set/83.tif,2high_exsertion_low_seed_set,0.4285714286,98,42,1.0315789474,0.4421052632,7830,24,27.4,17.3066132101
../images/mask_set/2high_exsertion_low_seed_set/133.tif,2high_exsertion_low_seed_set,0.3689320388,103,38,1.0842105263,0.4,7407,24,27.83,15.889139085
../images/mask_set/2high_exsertion_low_seed_set/84.tif,2high_exsertion_low_seed_set,0.4050632911,79,32,0.8315789474,0.3368421053,4629,24,40.1,25.4984255353
../images/mask_set/2high_exsertion_low_seed_set/109.tif,2high_exsertion_low_seed_set,0.4935064935,77,38,0.8105263158,0.4,5322,30,39.03,23.7292113056
../images/mask_set/2high_exsertion_low_seed_set/26.tif,2high_exsertion_low_seed_set,0.3846153846,91,35,0.9578947368,0.3684210526,6768,32,37.22,21.2565582534
../images/mask_set/2high_exsertion_low_seed_set/118.tif,2high_exsertion_low_seed_set,0.3402061856,97,33,1.0210526316,0.3473684211,6186,29,34.16,19.7500063615
../images/mask_set/2high_exsertion_low_seed_set/57.tif,2high_exsertion_low_seed_set,0.5326086957,92,49,0.9684210526,0.5157894737,7638,28,33.56,18.393056671
../images/mask_set/2high_exsertion_low_seed_set/38.tif,2high_exsertion_low_seed_set,0.33,100,33,1.0526315789,0.3473684211,7440,31,39.72,23.2640078058
../images/mask_set/2high_exsertion_low_seed_set/90.tif,2high_exsertion_low_seed_set,0.4175824176,91,38,0.9578947368,0.4,6093,33,40.5,23.3781643719
../images/mask_set/2high_exsertion_low_seed_set/6.tif,2high_exsertion_low_seed_set,0.4204545455,88,37,0.9263157895,0.3894736842,6918,26,28.05,16.0896061135
../images/mask_set/2high_exsertion_low_seed_set/1.tif,2high_exsertion_low_seed_set,0.2978723404,94,28,0.9894736842,0.2947368421,5481,32,35.66,18.2335982791
../images/mask_set/2high_exsertion_low_seed_set/102.tif,2high_exsertion_low_seed_set,0.3068181818,88,27,0.9263157895,0.2842105263,5163,33,36.22,21.490675479
../images/mask_set/2high_exsertion_low_seed_set/54.tif,2high_exsertion_low_seed_set,0.5,84,42,0.8842105263,0.4421052632,6672,35,40.1,23.0114533025
../images/mask_set/2high_exsertion_low_seed_set/81.tif,2high_exsertion_low_seed_set,0.37,100,37,1.0526315789,0.3894736842,7160,25,27.67,17.8112709129
../images/mask_set/2high_exsertion_low_seed_set/58.tif,2high_exsertion_low_seed_set,0.3367346939,98,33,1.0315789474,0.3473684211,6726,28,34.72,23.0544647642
../images/mask_set/2high_exsertion_low_seed_set/27.tif,2high_exsertion_low_seed_set,0.3608247423,97,35,1.0210526316,0.3684210526,8106,33,39.94,20.3757107144
../images/mask_set/2high_exsertion_low_seed_set/21.tif,2high_exsertion_low_seed_set,0.2282608696,92,21,0.9684210526,0.2210526316,3948,27,33.56,19.4244854163
../images/mask_set/2high_exsertion_low_seed_set/136.tif,2high_exsertion_low_seed_set,0.4375,96,42,1.0105263158,0.4421052632,7845,25,26.25,14.8485494925
../images/mask_set/2high_exsertion_low_seed_set/141.tif,2high_exsertion_low_seed_set,0.2956521739,115,34,1.2105263158,0.3578947368,7992,32,33.84,15.8061635358
../images/mask_set/2high_exsertion_low_seed_set/142.tif,2high_exsertion_low_seed_set,0.3218390805,87,28,0.9157894737,0.2947368421,5253,35,43.62,24.3944503133
../images/mask_set/2high_exsertion_low_seed_set/9.tif,2high_exsertion_low_seed_set,0.2788461538,104,29,1.0947368421,0.3052631579,6618,28,32.03,22.515955009
../images/mask_set/2high_exsertion_low_seed_set/33.tif,2high_exsertion_low_seed_set,0.3714285714,105,39,1.1052631579,0.4105263158,7893,31,36.6,20.9365197592
../images/mask_set/2high_exsertion_low_seed_set/108.tif,2high_exsertion_low_seed_set,0.40625,96,39,1.0105263158,0.4105263158,7407,27,38.94,25.5831515558
../images/mask_set/2high_exsertion_low_seed_set/129.tif,2high_exsertion_low_seed_set,0.3595505618,89,32,0.9368421053,0.3368421053,5517,25,27.4,17.6854913752
../images/mask_set/2high_exsertion_low_seed_set/87.tif,2high_exsertion_low_seed_set,0.3039215686,102,31,1.0736842105,0.3263157895,6568,22,28.55,23.0486673779
../images/mask_set/2high_exsertion_low_seed_set/82.tif,2high_exsertion_low_seed_set,0.4285714286,98,42,1.0315789474,0.4421052632,8397,29,34.3,23.8165499883
../images/mask_set/2high_exsertion_low_seed_set/5.tif,2high_exsertion_low_seed_set,0.3541666667,96,34,1.0105263158,0.3578947368,7311,26,29.17,17.8993411632
../images/mask_set/2high_exsertion_low_seed_set/35.tif,2high_exsertion_low_seed_set,0.3557692308,104,37,1.0947368421,0.3894736842,8583,33,32.94,17.8276721475
../images/mask_set/2high_exsertion_low_seed_set/32.tif,2high_exsertion_low_seed_set,0.2886597938,97,28,1.0210526316,0.2947368421,6330,28,32.84,20.9533172393
../images/mask_set/2high_exsertion_low_seed_set/96.tif,2high_exsertion_low_seed_set,0.2164948454,97,21,1.0210526316,0.2210526316,4518,26,27.19,13.4687687945
../images/mask_set/2high_exsertion_low_seed_set/124.tif,2high_exsertion_low_seed_set,0.3689320388,103,38,1.0842105263,0.4,7623,25,31.17,22.7549507542
../images/mask_set/2high_exsertion_low_seed_set/85.tif,2high_exsertion_low_seed_set,0.2643678161,87,23,0.9157894737,0.2421052632,4290,24,25.64,16.4577698719
../images/mask_set/2high_exsertion_low_seed_set/65.tif,2high_exsertion_low_seed_set,0.3185840708,113,36,1.1894736842,0.3789473684,9455,32,43.03,22.9750546235
../images/mask_set/2high_exsertion_low_seed_set/24.tif,2high_exsertion_low_seed_set,0.3009708738,103,31,1.0842105263,0.3263157895,7371,35,41.22,22.8419321521
../images/mask_set/2high_exsertion_low_seed_set/44.tif,2high_exsertion_low_seed_set,0.34375,96,33,1.0105263158,0.3473684211,6417,33,37.9,24.3422130266
../images/mask_set/2high_exsertion_low_seed_set/30.tif,2high_exsertion_low_seed_set,0.393258427,89,35,0.9368421053,0.3684210526,6390,31,38.34,23.8652337775
../images/mask_set/2high_exsertion_low_seed_set/48.tif,2high_exsertion_low_seed_set,0.33,100,33,1.0526315789,0.3473684211,7308,25,34.3,24.5351522623
../images/mask_set/2high_exsertion_low_seed_set/97.tif,2high_exsertion_low_seed_set,0.4556962025,79,36,0.8315789474,0.3789473684,4267,31,33.78,20.5873080063
../images/mask_set/2high_exsertion_low_seed_set/56.tif,2high_exsertion_low_seed_set,0.4175824176,91,38,0.9578947368,0.4,7005,32,36.44,20.7370318809
../images/mask_set/2high_exsertion_low_seed_set/46.tif,2high_exsertion_low_seed_set,0.3904761905,105,41,1.1052631579,0.4315789474,7954,30,39.3,25.5534609766
../images/mask_set/2high_exsertion_low_seed_set/105.tif,2high_exsertion_low_seed_set,0.3229166667,96,31,1.0105263158,0.3263157895,6135,25,26.88,12.6463796423
../images/mask_set/2high_exsertion_low_seed_set/80.tif,2high_exsertion_low_seed_set,0.2857142857,91,26,0.9578947368,0.2736842105,5382,31,33.12,14.2229581407
../images/mask_set/2high_exsertion_low_seed_set/74.tif,2high_exsertion_low_seed_set,0.32,100,32,1.0526315789,0.3368421053,6720,31,38.56,19.4209485532
../images/mask_set/2high_exsertion_low_seed_set/31.tif,2high_exsertion_low_seed_set,0.2934782609,92,27,0.9684210526,0.2842105263,5412,28,34.97,21.9620614264
../images/mask_set/2high_exsertion_low_seed_set/7.tif,2high_exsertion_low_seed_set,0.404040404,99,40,1.0421052632,0.4210526316,8955,28,31.23,16.6669153411
../images/mask_set/2high_exsertion_low_seed_set/119.tif,2high_exsertion_low_seed_set,0.2450980392,102,25,1.0736842105,0.2631578947,5052,28,29.75,12.6099706851
../images/mask_set/2high_exsertion_low_seed_set/45.tif,2high_exsertion_low_seed_set,0.4059405941,101,41,1.0631578947,0.4315789474,7320,24,33.2,25.7837245447
../images/mask_set/2high_exsertion_low_seed_set/139.tif,2high_exsertion_low_seed_set,0.2452830189,53,13,0.5578947368,0.1368421053,1527,25,28.27,17.6673798752
../images/mask_set/2high_exsertion_low_seed_set/69.tif,2high_exsertion_low_seed_set,0.4444444444,81,36,0.8526315789,0.3789473684,4764,27,37.6,26.0018736869
../images/mask_set/2high_exsertion_low_seed_set/59.tif,2high_exsertion_low_seed_set,0.3679245283,106,39,1.1157894737,0.4105263158,7743,29,34.62,20.91807052
../images/mask_set/2high_exsertion_low_seed_set/126.tif,2high_exsertion_low_seed_set,0.4375,96,42,1.0105263158,0.4421052632,7083,26,32.72,25.3539687634
../images/mask_set/2high_exsertion_low_seed_set/10.tif,2high_exsertion_low_seed_set,0.164556962,79,13,0.8315789474,0.1368421053,2283,33,35.3,17.6521606029
../images/mask_set/2high_exsertion_low_seed_set/64.tif,2high_exsertion_low_seed_set,0.2875,80,23,0.8421052632,0.2421052632,4121,28,40.72,24.380219081
../images/mask_set/2high_exsertion_low_seed_set/39.tif,2high_exsertion_low_seed_set,0.4418604651,86,38,0.9052631579,0.4,6202,28,32.6,21.5156201242
../images/mask_set/2high_exsertion_low_seed_set/17.tif,2high_exsertion_low_seed_set,0.3411764706,85,29,0.8947368421,0.3052631579,5472,28,41.53,23.4897386229
../images/mask_set/2high_exsertion_low_seed_set/4.tif,2high_exsertion_low_seed_set,0.3636363636,99,36,1.0421052632,0.3789473684,7308,31,37.1,18.0161905368
../images/mask_set/2high_exsertion_low_seed_set/86.tif,2high_exsertion_low_seed_set,0.2882882883,111,32,1.1684210526,0.3368421053,7998,32,39.62,20.1287273657
../images/mask_set/2high_exsertion_low_seed_set/28.tif,2high_exsertion_low_seed_set,0.2352941176,102,24,1.0736842105,0.2526315789,5358,31,32.72,20.7905826123
../images/mask_set/2high_exsertion_low_seed_set/125.tif,2high_exsertion_low_seed_set,0.3469387755,98,34,1.0315789474,0.3578947368,6734,25,28.48,20.6186200163
../images/mask_set/2high_exsertion_low_seed_set/138.tif,2high_exsertion_low_seed_set,0.2153846154,65,14,0.6842105263,0.1473684211,2082,27,32.22,20.1966526884
../images/mask_set/2high_exsertion_low_seed_set/123.tif,2high_exsertion_low_seed_set,0.3085106383,94,29,0.9894736842,0.3052631579,5820,25,27.03,14.8047423576
../images/mask_set/2high_exsertion_low_seed_set/23.tif,2high_exsertion_low_seed_set,0.3977272727,88,35,0.9263157895,0.3684210526,5784,25,30.81,22.4380059981
../images/mask_set/2high_exsertion_low_seed_set/91.tif,2high_exsertion_low_seed_set,0.2023809524,84,17,0.8842105263,0.1789473684,3245,21,37.66,30.691167631
../images/mask_set/2high_exsertion_low_seed_set/72.tif,2high_exsertion_low_seed_set,0.198019802,101,20,1.0631578947,0.2105263158,4080,28,37.66,22.9622350883
../images/mask_set/2high_exsertion_low_seed_set/8.tif,2high_exsertion_low_seed_set,0.1941747573,103,20,1.0842105263,0.2105263158,4365,33,40.4,24.017782063
../images/mask_set/2high_exsertion_low_seed_set/131.tif,2high_exsertion_low_seed_set,0.4470588235,85,38,0.8947368421,0.4,6123,24,27.94,17.6820851158
../images/mask_set/2high_exsertion_low_seed_set/94.tif,2high_exsertion_low_seed_set,0.4587155963,109,50,1.1473684211,0.5263157895,10200,28,34.72,20.5865209677
../images/mask_set/2high_exsertion_low_seed_set/40.tif,2high_exsertion_low_seed_set,0.2021276596,94,19,0.9894736842,0.2,4044,26,27.4,13.4960136972
../images/mask_set/2high_exsertion_low_seed_set/128.tif,2high_exsertion_low_seed_set,0.3917525773,97,38,1.0210526316,0.4,7032,28,38.4,27.7507791152
../images/mask_set/2high_exsertion_low_seed_set/106.tif,2high_exsertion_low_seed_set,0.2444444444,90,22,0.9473684211,0.2315789474,3789,33,45.72,27.2071128049
../images/mask_set/2high_exsertion_low_seed_set/117.tif,2high_exsertion_low_seed_set,0.4473684211,76,34,0.8,0.3578947368,5759,28,37.97,26.7307608587
../images/mask_set/2high_exsertion_low_seed_set/68.tif,2high_exsertion_low_seed_set,0.2596153846,104,27,1.0947368421,0.2842105263,6549,30,36.38,22.4030671506
../images/mask_set/2high_exsertion_low_seed_set/98.tif,2high_exsertion_low_seed_set,0.3804347826,92,35,0.9684210526,0.3684210526,6149,31,41.28,25.008485383
../images/mask_set/2high_exsertion_low_seed_set/52.tif,2high_exsertion_low_seed_set,0.4175824176,91,38,0.9578947368,0.4,7005,32,36.44,20.7370318809
../images/mask_set/2high_exsertion_low_seed_set/134.tif,2high_exsertion_low_seed_set,0.4823529412,85,41,0.8947368421,0.4315789474,6020,31,37.66,25.1112790092
../images/mask_set/2high_exsertion_low_seed_set/22.tif,2high_exsertion_low_seed_set,0.2,95,19,1,0.2,3900,32,36.66,19.367710077
../images/mask_set/2high_exsertion_low_seed_set/53.tif,2high_exsertion_low_seed_set,0.3448275862,87,30,0.9157894737,0.3157894737,5307,25,30.39,21.9332550553
../images/mask_set/2high_exsertion_low_seed_set/37.tif,2high_exsertion_low_seed_set,0.5308641975,81,43,0.8526315789,0.4526315789,6759,28,32.47,22.0348471292
../images/mask_set/2high_exsertion_low_seed_set/62.tif,2high_exsertion_low_seed_set,0.3092783505,97,30,1.0210526316,0.3157894737,5577,26,32.94,22.7282262181
../images/mask_set/2high_exsertion_low_seed_set/20.tif,2high_exsertion_low_seed_set,0.2959183673,98,29,1.0315789474,0.3052631579,6267,23,34.22,25.8410884894
../images/mask_set/2high_exsertion_low_seed_set/11.tif,2high_exsertion_low_seed_set,0.347826087,92,32,0.9684210526,0.3368421053,6627,31,34.3,19.7200067243
../images/mask_set/2high_exsertion_low_seed_set/113.tif,2high_exsertion_low_seed_set,0.47,100,47,1.0526315789,0.4947368421,8163,23,31.9,20.8222900203
../images/mask_set/2high_exsertion_low_seed_set/70.tif,2high_exsertion_low_seed_set,0.3866666667,75,29,0.7894736842,0.3052631579,4227,31,36.16,20.8646010728
../images/mask_set/2high_exsertion_low_seed_set/66.tif,2high_exsertion_low_seed_set,0.3131313131,99,31,1.0421052632,0.3263157895,6705,33,39.25,20.9784102569
../images/mask_set/2low_seed_set_low_exsertion/61.tif,2low_seed_set_low_exsertion,0.2608695652,115,30,1.2105263158,0.3157894737,7317,35,47.06,22.6295657267
../images/mask_set/2low_seed_set_low_exsertion/18.tif,2low_seed_set_low_exsertion,0.2183908046,87,19,0.9157894737,0.2,3807,38,48.75,23.7397235163
../images/mask_set/2low_seed_set_low_exsertion/34.tif,2low_seed_set_low_exsertion,0.3783783784,111,42,1.1684210526,0.4421052632,10133,32,35.38,20.0078564405
../images/mask_set/2low_seed_set_low_exsertion/41.tif,2low_seed_set_low_exsertion,0.2680412371,97,26,1.0210526316,0.2736842105,5904,27,36.16,22.7794498762
../images/mask_set/2low_seed_set_low_exsertion/19.tif,2low_seed_set_low_exsertion,0.4,110,44,1.1578947368,0.4631578947,9348,35,48.2,25.4253138684
../images/mask_set/2low_seed_set_low_exsertion/47.tif,2low_seed_set_low_exsertion,0.1931818182,88,17,0.9263157895,0.1789473684,3540,33,49.03,25.045856773
../images/mask_set/2low_seed_set_low_exsertion/63.tif,2low_seed_set_low_exsertion,0.3551401869,107,38,1.1263157895,0.4,8967,35,48.56,25.2698510463
../images/mask_set/2low_seed_set_low_exsertion/36.tif,2low_seed_set_low_exsertion,0.3888888889,108,42,1.1368421053,0.4421052632,9153,34,40.2,21.1230762404
../images/mask_set/2low_seed_set_low_exsertion/60.tif,2low_seed_set_low_exsertion,0.2912621359,103,30,1.0842105263,0.3157894737,6786,34,45.44,22.5496850079
../images/mask_set/2low_seed_set_low_exsertion/16.tif,2low_seed_set_low_exsertion,0.3737373737,99,37,1.0421052632,0.3894736842,6936,35,38.4,19.8278101455
../images/mask_set/2low_seed_set_low_exsertion/29.tif,2low_seed_set_low_exsertion,0.3734939759,83,31,0.8736842105,0.3263157895,5487,37,49.03,23.1442018738
../images/mask_set/2low_seed_set_low_exsertion/15.tif,2low_seed_set_low_exsertion,0.3619047619,105,38,1.1052631579,0.4,8754,37,48.1,22.4449534706
../images/mask_set/2low_seed_set_low_exsertion/2.tif,2low_seed_set_low_exsertion,0.487804878,82,40,0.8631578947,0.4210526316,6279,33,37.66,19.5679854404
../images/mask_set/2low_seed_set_low_exsertion/43.tif,2low_seed_set_low_exsertion,0.3448275862,116,40,1.2210526316,0.4210526316,10491,35,42.28,22.3473456976
../images/mask_set/2low_seed_set_low_exsertion/25.tif,2low_seed_set_low_exsertion,0.3263157895,95,31,1,0.3263157895,6033,37,51.38,20.4264050881
../images/mask_set/2low_seed_set_low_exsertion/71.tif,2low_seed_set_low_exsertion,0.2884615385,104,30,1.0947368421,0.3157894737,6633,35,44.47,24.7386141478
../images/mask_set/2low_seed_set_low_exsertion/13.tif,2low_seed_set_low_exsertion,0.3565217391,115,41,1.2105263158,0.4315789474,10962,35,41.94,26.5141440772
../images/mask_set/2low_seed_set_low_exsertion/49.tif,2low_seed_set_low_exsertion,0.2636363636,110,29,1.1578947368,0.3052631579,7110,35,46.88,24.705624804
../images/mask_set/2low_seed_set_low_exsertion/12.tif,2low_seed_set_low_exsertion,0.3113207547,106,33,1.1157894737,0.3473684211,8388,33,37.66,19.4690207045
../images/mask_set/2low_seed_set_low_exsertion/50.tif,2low_seed_set_low_exsertion,0.3168316832,101,32,1.0631578947,0.3368421053,7197,38,43.62,18.9369251227
../images/mask_set/2low_seed_set_low_exsertion/67.tif,2low_seed_set_low_exsertion,0.3883495146,103,40,1.0842105263,0.4210526316,8691,28,41.06,27.4687462435
../images/mask_set/2low_seed_set_low_exsertion/73.tif,2low_seed_set_low_exsertion,0.4752475248,101,48,1.0631578947,0.5052631579,9219,35,44.47,23.1706160363
../images/mask_set/2low_seed_set_low_exsertion/42.tif,2low_seed_set_low_exsertion,0.3457943925,107,37,1.1263157895,0.3894736842,8655,28,43.53,26.5968337834
../images/mask_set/2low_seed_set_low_exsertion/3.tif,2low_seed_set_low_exsertion,0.3846153846,104,40,1.0947368421,0.4210526316,7866,35,46.53,22.8701984755
../images/mask_set/2low_seed_set_low_exsertion/51.tif,2low_seed_set_low_exsertion,0.3052631579,95,29,1,0.3052631579,4884,39,47.62,22.1842367211
../images/mask_set/2low_seed_set_low_exsertion/55.tif,2low_seed_set_low_exsertion,0.3166666667,120,38,1.2631578947,0.4,10449,35,43.44,22.3088257785
../images/mask_set/2low_seed_set_low_exsertion/14.tif,2low_seed_set_low_exsertion,0.3211009174,109,35,1.1473684211,0.3684210526,8250,35,38.4,20.0879340107
../images/mask_set/2low_seed_set_low_exsertion/57.tif,2low_seed_set_low_exsertion,0.3980582524,103,41,1.0842105263,0.4315789474,8414,31,39.2,21.50536837
../images/mask_set/2low_seed_set_low_exsertion/38.tif,2low_seed_set_low_exsertion,0.3451327434,113,39,1.1894736842,0.4105263158,9711,35,42.28,23.2371180909
../images/mask_set/2low_seed_set_low_exsertion/6.tif,2low_seed_set_low_exsertion,0.3518518519,108,38,1.1368421053,0.4,9597,33,36.94,19.4092867346
../images/mask_set/2low_seed_set_low_exsertion/1.tif,2low_seed_set_low_exsertion,0.4414414414,111,49,1.1684210526,0.5157894737,10266,35,44.8,24.542626148
../images/mask_set/2low_seed_set_low_exsertion/54.tif,2low_seed_set_low_exsertion,0.3009708738,103,31,1.0842105263,0.3263157895,5826,35,44.03,21.9648397126
../images/mask_set/2low_seed_set_low_exsertion/58.tif,2low_seed_set_low_exsertion,0.3243243243,111,36,1.1684210526,0.3789473684,9414,24,29.17,18.1873671867
../images/mask_set/2low_seed_set_low_exsertion/27.tif,2low_seed_set_low_exsertion,0.3214285714,84,27,0.8842105263,0.2842105263,4941,38,48.38,22.2975246918
../images/mask_set/2low_seed_set_low_exsertion/21.tif,2low_seed_set_low_exsertion,0.3928571429,112,44,1.1789473684,0.4631578947,9105,35,46.88,25.3578812571
../images/mask_set/2low_seed_set_low_exsertion/9.tif,2low_seed_set_low_exsertion,0.3981481481,108,43,1.1368421053,0.4526315789,8853,26,32.34,19.3805652127
../images/mask_set/2low_seed_set_low_exsertion/33.tif,2low_seed_set_low_exsertion,0.3362068966,116,39,1.2210526316,0.4105263158,9591,28,34.38,20.5943868369
../images/mask_set/2low_seed_set_low_exsertion/5.tif,2low_seed_set_low_exsertion,0.2753623188,69,19,0.7263157895,0.2,2766,37,44.03,21.2808946909
../images/mask_set/2low_seed_set_low_exsertion/35.tif,2low_seed_set_low_exsertion,0.3070175439,114,35,1.2,0.3684210526,9417,22,28.11,18.6437559118
../images/mask_set/2low_seed_set_low_exsertion/32.tif,2low_seed_set_low_exsertion,0.3535353535,99,35,1.0421052632,0.3684210526,7986,30,35.75,22.4904248243
../images/mask_set/2low_seed_set_low_exsertion/65.tif,2low_seed_set_low_exsertion,0.4456521739,92,41,0.9684210526,0.4315789474,7746,35,47.06,23.7877497365
../images/mask_set/2low_seed_set_low_exsertion/24.tif,2low_seed_set_low_exsertion,0.3142857143,105,33,1.1052631579,0.3473684211,7629,37,53.12,20.4803497723
../images/mask_set/2low_seed_set_low_exsertion/44.tif,2low_seed_set_low_exsertion,0.2333333333,90,21,0.9473684211,0.2210526316,4038,35,45.88,23.395286787
../images/mask_set/2low_seed_set_low_exsertion/30.tif,2low_seed_set_low_exsertion,0.3789473684,95,36,1,0.3789473684,6840,35,51.1,22.9325876673
../images/mask_set/2low_seed_set_low_exsertion/48.tif,2low_seed_set_low_exsertion,0.2450980392,102,25,1.0736842105,0.2631578947,5736,35,45.53,22.5168706889
../images/mask_set/2low_seed_set_low_exsertion/56.tif,2low_seed_set_low_exsertion,0.2346938776,98,23,1.0315789474,0.2421052632,4320,32,42.53,22.7426632307
../images/mask_set/2low_seed_set_low_exsertion/46.tif,2low_seed_set_low_exsertion,0.2432432432,74,18,0.7789473684,0.1894736842,2763,32,39.03,22.457173623
../images/mask_set/2low_seed_set_low_exsertion/31.tif,2low_seed_set_low_exsertion,0.2980769231,104,31,1.0947368421,0.3263157895,6372,35,45.34,21.0458130131
../images/mask_set/2low_seed_set_low_exsertion/7.tif,2low_seed_set_low_exsertion,0.3225806452,124,40,1.3052631579,0.4210526316,10749,23,26.77,15.7424661217
../images/mask_set/2low_seed_set_low_exsertion/45.tif,2low_seed_set_low_exsertion,0.2839506173,81,23,0.8526315789,0.2421052632,3723,26,37.1,26.1651520639
../images/mask_set/2low_seed_set_low_exsertion/69.tif,2low_seed_set_low_exsertion,0.376146789,109,41,1.1473684211,0.4315789474,9675,35,47.34,25.5484371794
../images/mask_set/2low_seed_set_low_exsertion/59.tif,2low_seed_set_low_exsertion,0.3608247423,97,35,1.0210526316,0.3684210526,7497,32,41.78,22.8687460601
../images/mask_set/2low_seed_set_low_exsertion/10.tif,2low_seed_set_low_exsertion,0.2718446602,103,28,1.0842105263,0.2947368421,6380,30,38.94,24.2169884493
../images/mask_set/2low_seed_set_low_exsertion/64.tif,2low_seed_set_low_exsertion,0.3529411765,102,36,1.0736842105,0.3789473684,8493,32,47.9,25.7719426592
../images/mask_set/2low_seed_set_low_exsertion/39.tif,2low_seed_set_low_exsertion,0.3495145631,103,36,1.0842105263,0.3789473684,8712,32,40.97,21.7736602592
../images/mask_set/2low_seed_set_low_exsertion/17.tif,2low_seed_set_low_exsertion,0.4128440367,109,45,1.1473684211,0.4736842105,9885,35,46.34,23.5604670662
../images/mask_set/2low_seed_set_low_exsertion/4.tif,2low_seed_set_low_exsertion,0.4183673469,98,41,1.0315789474,0.4315789474,8880,35,44.38,25.2617230276
../images/mask_set/2low_seed_set_low_exsertion/28.tif,2low_seed_set_low_exsertion,0.3564356436,101,36,1.0631578947,0.3789473684,8073,37,50.78,23.7948262686
../images/mask_set/2low_seed_set_low_exsertion/23.tif,2low_seed_set_low_exsertion,0.4074074074,108,44,1.1368421053,0.4631578947,9687,37,50.2,22.1818264294
../images/mask_set/2low_seed_set_low_exsertion/72.tif,2low_seed_set_low_exsertion,0.2571428571,105,27,1.1052631579,0.2842105263,6657,28,34.9,22.2839726895
../images/mask_set/2low_seed_set_low_exsertion/8.tif,2low_seed_set_low_exsertion,0.4509803922,102,46,1.0736842105,0.4842105263,8913,35,35.2,19.6080581003
../images/mask_set/2low_seed_set_low_exsertion/40.tif,2low_seed_set_low_exsertion,0.3853211009,109,42,1.1473684211,0.4421052632,9072,28,36.16,22.7671791001
../images/mask_set/2low_seed_set_low_exsertion/68.tif,2low_seed_set_low_exsertion,0.3936170213,94,37,0.9894736842,0.3894736842,7662,38,47.34,22.5378834509
../images/mask_set/2low_seed_set_low_exsertion/52.tif,2low_seed_set_low_exsertion,0.4042553191,94,38,0.9894736842,0.4,7485,37,41.22,17.5279667617
../images/mask_set/2low_seed_set_low_exsertion/22.tif,2low_seed_set_low_exsertion,0.3027522936,109,33,1.1473684211,0.3473684211,6870,35,49.9,22.8558885957
../images/mask_set/2low_seed_set_low_exsertion/53.tif,2low_seed_set_low_exsertion,0.3303571429,112,37,1.1789473684,0.3894736842,7413,35,44.8,23.8222009097
../images/mask_set/2low_seed_set_low_exsertion/37.tif,2low_seed_set_low_exsertion,0.3364485981,107,36,1.1263157895,0.3789473684,8652,35,45.53,25.12835732
../images/mask_set/2low_seed_set_low_exsertion/62.tif,2low_seed_set_low_exsertion,0.4423076923,104,46,1.0947368421,0.4842105263,8772,33,39.88,20.7116824875
../images/mask_set/2low_seed_set_low_exsertion/20.tif,2low_seed_set_low_exsertion,0.3125,96,30,1.0105263158,0.3157894737,6288,37,44.12,21.8395958652
../images/mask_set/2low_seed_set_low_exsertion/11.tif,2low_seed_set_low_exsertion,0.3300970874,103,34,1.0842105263,0.3578947368,8175,33,39.56,19.8779952783
../images/mask_set/2low_seed_set_low_exsertion/70.tif,2low_seed_set_low_exsertion,0.2315789474,95,22,1,0.2315789474,4740,30,38.25,20.7095657545
../images/mask_set/2low_seed_set_low_exsertion/66.tif,2low_seed_set_low_exsertion,0.4494382022,89,40,0.9368421053,0.4210526316,6945,32,41.28,23.4193532905
../images/mask_set/2low_total_spikelets_high_seed_set/18.tif,2low_total_spikelets_high_seed_set,0.3603603604,111,40,1.1684210526,0.4210526316,8634,26,35.12,24.0860001316
../images/mask_set/2low_total_spikelets_high_seed_set/34.tif,2low_total_spikelets_high_seed_set,0.3716814159,113,42,1.1894736842,0.4421052632,10674,35,44.22,24.6487470325
../images/mask_set/2low_total_spikelets_high_seed_set/19.tif,2low_total_spikelets_high_seed_set,0.3966942149,121,48,1.2736842105,0.5052631579,11172,26,32.84,22.4004133605
../images/mask_set/2low_total_spikelets_high_seed_set/36.tif,2low_total_spikelets_high_seed_set,0.3109243697,119,37,1.2526315789,0.3894736842,8055,28,41.47,27.9996245866
../images/mask_set/2low_total_spikelets_high_seed_set/16.tif,2low_total_spikelets_high_seed_set,0.25,120,30,1.2631578947,0.3157894737,8361,31,41.78,24.8864232055
../images/mask_set/2low_total_spikelets_high_seed_set/29.tif,2low_total_spikelets_high_seed_set,0.3333333333,111,37,1.1684210526,0.3894736842,9351,23,30.03,21.2778309895
../images/mask_set/2low_total_spikelets_high_seed_set/15.tif,2low_total_spikelets_high_seed_set,0.3852459016,122,47,1.2842105263,0.4947368421,11586,28,34.22,22.2020617252
../images/mask_set/2low_total_spikelets_high_seed_set/2.tif,2low_total_spikelets_high_seed_set,0.4117647059,119,49,1.2526315789,0.5157894737,12126,38,40.1,19.4069359667
../images/mask_set/2low_total_spikelets_high_seed_set/25.tif,2low_total_spikelets_high_seed_set,0.3008849558,113,34,1.1894736842,0.3578947368,8802,30,45.88,25.7534268915
../images/mask_set/2low_total_spikelets_high_seed_set/13.tif,2low_total_spikelets_high_seed_set,0.2384615385,130,31,1.3684210526,0.3263157895,8505,26,35.8,24.8274230861
../images/mask_set/2low_total_spikelets_high_seed_set/12.tif,2low_total_spikelets_high_seed_set,0.3223140496,121,39,1.2736842105,0.4105263158,10035,26,34.3,20.9885598159
../images/mask_set/2low_total_spikelets_high_seed_set/3.tif,2low_total_spikelets_high_seed_set,0.2180451128,133,29,1.4,0.3052631579,9132,32,36.1,17.5170909692
../images/mask_set/2low_total_spikelets_high_seed_set/14.tif,2low_total_spikelets_high_seed_set,0.2991452991,117,35,1.2315789474,0.3684210526,8295,25,29.39,16.6908807235
../images/mask_set/2low_total_spikelets_high_seed_set/26.tif,2low_total_spikelets_high_seed_set,0.3461538462,104,36,1.0947368421,0.3789473684,8118,26,40.03,26.326732258
../images/mask_set/2low_total_spikelets_high_seed_set/38.tif,2low_total_spikelets_high_seed_set,0.3853211009,109,42,1.1473684211,0.4421052632,9732,27,32.94,22.559352102
../images/mask_set/2low_total_spikelets_high_seed_set/6.tif,2low_total_spikelets_high_seed_set,0.3186813187,91,29,0.9578947368,0.3052631579,5481,26,34.38,24.7545511671
../images/mask_set/2low_total_spikelets_high_seed_set/1.tif,2low_total_spikelets_high_seed_set,0.4077669903,103,42,1.0842105263,0.4421052632,9306,39,47.62,20.1056645932
../images/mask_set/2low_total_spikelets_high_seed_set/27.tif,2low_total_spikelets_high_seed_set,0.328125,128,42,1.3473684211,0.4421052632,12150,27,38.12,26.071063743
../images/mask_set/2low_total_spikelets_high_seed_set/21.tif,2low_total_spikelets_high_seed_set,0.3220338983,118,38,1.2421052632,0.4,9564,26,32.47,22.015421035
../images/mask_set/2low_total_spikelets_high_seed_set/9.tif,2low_total_spikelets_high_seed_set,0.3214285714,112,36,1.1789473684,0.3789473684,8655,26,31.3,19.6263719583
../images/mask_set/2low_total_spikelets_high_seed_set/33.tif,2low_total_spikelets_high_seed_set,0.2457627119,118,29,1.2421052632,0.3052631579,7998,26,35.94,25.9457784399
../images/mask_set/2low_total_spikelets_high_seed_set/5.tif,2low_total_spikelets_high_seed_set,0.4196428571,112,47,1.1789473684,0.4947368421,9081,26,38.94,24.7276975985
../images/mask_set/2low_total_spikelets_high_seed_set/35.tif,2low_total_spikelets_high_seed_set,0.3275862069,116,38,1.2210526316,0.4,9960,25,32.66,20.9710957668
../images/mask_set/2low_total_spikelets_high_seed_set/32.tif,2low_total_spikelets_high_seed_set,0.3035714286,112,34,1.1789473684,0.3578947368,8586,35,49.03,24.1642331677
../images/mask_set/2low_total_spikelets_high_seed_set/24.tif,2low_total_spikelets_high_seed_set,0.4132231405,121,50,1.2736842105,0.5263157895,10842,28,36.88,23.3747617565
../images/mask_set/2low_total_spikelets_high_seed_set/30.tif,2low_total_spikelets_high_seed_set,0.3046875,128,39,1.3473684211,0.4105263158,10665,33,47.34,24.4907906033
../images/mask_set/2low_total_spikelets_high_seed_set/31.tif,2low_total_spikelets_high_seed_set,0.2916666667,120,35,1.2631578947,0.3684210526,10098,26,35.25,26.4169522319
../images/mask_set/2low_total_spikelets_high_seed_set/7.tif,2low_total_spikelets_high_seed_set,0.3181818182,132,42,1.3894736842,0.4421052632,11739,28,46.53,24.9512416055
../images/mask_set/2low_total_spikelets_high_seed_set/10.tif,2low_total_spikelets_high_seed_set,0.3070866142,127,39,1.3368421053,0.4105263158,10878,26,27.56,16.0428347297
../images/mask_set/2low_total_spikelets_high_seed_set/39.tif,2low_total_spikelets_high_seed_set,0.3760683761,117,44,1.2315789474,0.4631578947,10860,30,43.38,24.9661476489
../images/mask_set/2low_total_spikelets_high_seed_set/17.tif,2low_total_spikelets_high_seed_set,0.2881355932,118,34,1.2421052632,0.3578947368,9051,26,31.9,21.887361407
../images/mask_set/2low_total_spikelets_high_seed_set/4.tif,2low_total_spikelets_high_seed_set,0.4519230769,104,47,1.0947368421,0.4947368421,10536,35,44.22,24.0745243782
../images/mask_set/2low_total_spikelets_high_seed_set/28.tif,2low_total_spikelets_high_seed_set,0.4242424242,99,42,1.0421052632,0.4421052632,9048,28,39.2,27.1153895856
../images/mask_set/2low_total_spikelets_high_seed_set/23.tif,2low_total_spikelets_high_seed_set,0.4956521739,115,57,1.2105263158,0.6,11562,28,41.94,24.1719834023
../images/mask_set/2low_total_spikelets_high_seed_set/8.tif,2low_total_spikelets_high_seed_set,0.2686567164,134,36,1.4105263158,0.3789473684,10695,26,33.9,22.569726294
../images/mask_set/2low_total_spikelets_high_seed_set/40.tif,2low_total_spikelets_high_seed_set,0.247706422,109,27,1.1473684211,0.2842105263,6024,26,33.97,25.3526671793
../images/mask_set/2low_total_spikelets_high_seed_set/22.tif,2low_total_spikelets_high_seed_set,0.2459016393,122,30,1.2842105263,0.3157894737,8529,35,51.78,24.6873299619
../images/mask_set/2low_total_spikelets_high_seed_set/37.tif,2low_total_spikelets_high_seed_set,0.3245614035,114,37,1.2,0.3894736842,7863,33,46.44,23.8197619726
../images/mask_set/2low_total_spikelets_high_seed_set/20.tif,2low_total_spikelets_high_seed_set,0.313559322,118,37,1.2421052632,0.3894736842,9897,33,48.94,24.0917400626
../images/mask_set/2low_total_spikelets_high_seed_set/11.tif,2low_total_spikelets_high_seed_set,0.3223140496,121,39,1.2736842105,0.4105263158,9361,30,35.8,23.7214387688
